{
  "vtn-service": 3.5195748805999756, 
  "vMM": 3.3378660678863525, 
  "onos-service": 3.913918972015381, 
  "hypercache": 3.3235409259796143, 
  "platform-install": 4.786808967590332, 
  "xos-rest-gw": 3.4575090408325195, 
  "vHSS": 3.4221339225769043, 
  "fabric-oftest": 4.977478981018066, 
  "vsg": 4.205615043640137, 
  "venb": 2.9586029052734375, 
  "openstack": 3.526068925857544, 
  "vSM": 3.015177011489868, 
  "sdn-controller": 4.458498001098633, 
  "olt-service": 3.7235679626464844, 
  "monitoring": 3.8676531314849854, 
  "xos": 11.259334802627563, 
  "epc-service": 3.4021859169006348, 
  "addressmanager": 2.991899013519287, 
  "globalxos": 3.030388832092285, 
  "progran": 3.810123920440674, 
  "vtr": 3.6433920860290527, 
  "templateservice": 3.0295250415802, 
  "vBBU": 3.410892963409424, 
  "hss_db": 3.274872064590454, 
  "vnaas": 3.982990026473999, 
  "opencloud": 3.1250669956207275, 
  "cord-tester": 5.84719705581665, 
  "cord": 5.741481065750122, 
  "vMME": 3.1823019981384277, 
  "xos-tosca": 3.3857369422912598, 
  "vspgwu": 3.5204570293426514, 
  "internetemulator": 3.004370927810669, 
  "rcord": 4.375761985778809, 
  "maas": 17.756980895996094, 
  "mcord": 3.903425931930542, 
  "vspgwc": 3.452341079711914, 
  "ecord": 4.01342511177063, 
  "carrierethernet": 3.8051159381866455, 
  "fabric": 3.3514559268951416, 
  "cord-onos-publisher": 3.94596791267395, 
  "metronet-local": 3.506153106689453, 
  "exampleservice": 3.195488214492798, 
  "vPGWC": 3.0346970558166504, 
  "xos-sample-gui-extension": 3.2769150733947754, 
  "vSGW": 3.2719249725341797, 
  "vEG": 3.5691840648651123, 
  "vEE": 3.6422009468078613, 
  "vrouter": 3.1600499153137207, 
  "xos-gui": 4.605434894561768, 
  "chameleon": 3.8238930702209473
}