{
  "vtn-service": 3.2482199668884277, 
  "vMM": 2.9923288822174072, 
  "onos-service": 3.945797920227051, 
  "hypercache": 3.590380907058716, 
  "platform-install": 4.989238023757935, 
  "xos-rest-gw": 3.582685947418213, 
  "vHSS": 3.3191909790039062, 
  "fabric-oftest": 5.151218891143799, 
  "vsg": 3.8452720642089844, 
  "venb": 3.466088056564331, 
  "openstack": 3.612720012664795, 
  "vSM": 3.0230939388275146, 
  "sdn-controller": 3.0162198543548584, 
  "olt-service": 3.7539279460906982, 
  "monitoring": 3.9163930416107178, 
  "xos": 9.476125001907349, 
  "epc-service": 3.2953879833221436, 
  "addressmanager": 3.5059561729431152, 
  "globalxos": 3.4832658767700195, 
  "progran": 3.4922380447387695, 
  "vtr": 3.634639024734497, 
  "templateservice": 2.9096109867095947, 
  "vBBU": 3.2275829315185547, 
  "hss_db": 3.264688014984131, 
  "vnaas": 4.136539936065674, 
  "opencloud": 3.232102870941162, 
  "cord-tester": 5.627556085586548, 
  "cord": 5.234527826309204, 
  "vMME": 3.6604559421539307, 
  "xos-tosca": 3.4368441104888916, 
  "vspgwu": 3.289996862411499, 
  "internetemulator": 3.3424808979034424, 
  "rcord": 4.264801979064941, 
  "maas": 4.566226959228516, 
  "mcord": 4.381977081298828, 
  "vspgwc": 3.840691089630127, 
  "ecord": 4.258634805679321, 
  "carrierethernet": 3.85852313041687, 
  "fabric": 3.4926960468292236, 
  "cord-onos-publisher": 4.515869140625, 
  "metronet-local": 3.231858015060425, 
  "exampleservice": 3.2560949325561523, 
  "vPGWC": 3.2100160121917725, 
  "xos-sample-gui-extension": 3.3996520042419434, 
  "vSGW": 3.802788019180298, 
  "vEG": 3.422311782836914, 
  "vEE": 3.2775778770446777, 
  "vrouter": 3.372135877609253, 
  "xos-gui": 4.963831901550293, 
  "chameleon": 3.7511470317840576
}