{
  "vtn-service": 3.1406209468841553, 
  "vMM": 3.516911029815674, 
  "onos-service": 4.096908092498779, 
  "hypercache": 3.578054904937744, 
  "platform-install": 4.8498289585113525, 
  "xos-rest-gw": 3.0685460567474365, 
  "vHSS": 3.6450932025909424, 
  "fabric-oftest": 5.1818528175354, 
  "vsg": 4.589773893356323, 
  "venb": 3.2907700538635254, 
  "openstack": 3.8306150436401367, 
  "vSM": 3.0732421875, 
  "sdn-controller": 3.070387125015259, 
  "olt-service": 3.674896001815796, 
  "monitoring": 3.9572389125823975, 
  "xos": 10.92157793045044, 
  "epc-service": 3.414067029953003, 
  "addressmanager": 3.349945068359375, 
  "globalxos": 3.5470058917999268, 
  "progran": 3.537587881088257, 
  "vtr": 3.692060947418213, 
  "templateservice": 3.195570945739746, 
  "vBBU": 3.6289169788360596, 
  "hss_db": 3.1590399742126465, 
  "vnaas": 3.912822961807251, 
  "opencloud": 3.2229108810424805, 
  "cord-tester": 5.873260974884033, 
  "cord": 6.345982074737549, 
  "vMME": 3.822456121444702, 
  "xos-tosca": 3.7979278564453125, 
  "vspgwu": 3.6624789237976074, 
  "internetemulator": 3.3487210273742676, 
  "rcord": 4.109360933303833, 
  "maas": 4.930323123931885, 
  "mcord": 3.708184003829956, 
  "vspgwc": 3.37985897064209, 
  "ecord": 4.673647880554199, 
  "carrierethernet": 4.176053047180176, 
  "fabric": 3.3467090129852295, 
  "cord-onos-publisher": 4.396891117095947, 
  "metronet-local": 3.0938119888305664, 
  "exampleservice": 9.117824792861938, 
  "vPGWC": 3.4010889530181885, 
  "xos-sample-gui-extension": 3.4594411849975586, 
  "vSGW": 3.5855588912963867, 
  "vEG": 3.524915933609009, 
  "vEE": 3.6880831718444824, 
  "vrouter": 3.6118578910827637, 
  "xos-gui": 4.891036033630371, 
  "chameleon": 4.445451021194458
}