{
  "vtn-service": 3.6965279579162598, 
  "vMM": 3.6992809772491455, 
  "onos-service": 3.9489688873291016, 
  "hypercache": 3.538545846939087, 
  "platform-install": 5.340293884277344, 
  "xos-rest-gw": 3.695896863937378, 
  "vHSS": 4.371719121932983, 
  "fabric-oftest": 4.9259819984436035, 
  "vsg": 7.950613975524902, 
  "openstack": 4.089508056640625, 
  "vSM": 3.3310940265655518, 
  "olt-service": 3.4446449279785156, 
  "monitoring": 3.9467151165008545, 
  "xos": 11.1703360080719, 
  "rcord": 4.155805826187134, 
  "addressmanager": 3.5462889671325684, 
  "globalxos": 3.300081968307495, 
  "progran": 3.706853151321411, 
  "vtr": 3.831845998764038, 
  "vBBU": 3.4907021522521973, 
  "vnaas": 4.776608228683472, 
  "opencloud": 3.0924899578094482, 
  "cord-tester": 5.693583965301514, 
  "cord": 6.309260845184326, 
  "vMME": 3.6238760948181152, 
  "xos-tosca": 3.91452693939209, 
  "chameleon": 4.4663050174713135, 
  "maas": 5.092066049575806, 
  "mcord": 4.239320993423462, 
  "ecord": 4.455347061157227, 
  "carrierethernet": 4.268296003341675, 
  "fabric": 3.561244010925293, 
  "cord-onos-publisher": 3.8250110149383545, 
  "metronet-local": 3.3299410343170166, 
  "exampleservice": 3.5432968139648438, 
  "vPGWC": 3.5076699256896973, 
  "xos-sample-gui-extension": 4.775480031967163, 
  "vSGW": 3.610137939453125, 
  "vEG": 3.6794180870056152, 
  "vEE": 3.5215721130371094, 
  "vrouter": 3.578788995742798, 
  "xos-gui": 5.119159936904907
}