{
  "vtn-service": 3.620753049850464, 
  "vMM": 3.3869130611419678, 
  "onos-service": 4.140877962112427, 
  "hypercache": 3.558377981185913, 
  "platform-install": 4.834525108337402, 
  "xos-rest-gw": 3.5964651107788086, 
  "vHSS": 3.716542959213257, 
  "fabric-oftest": 5.154038190841675, 
  "vsg": 4.1111509799957275, 
  "venb": 3.137824058532715, 
  "openstack": 3.9192280769348145, 
  "vSM": 3.3650100231170654, 
  "sdn-controller": 3.427747964859009, 
  "olt-service": 4.210210800170898, 
  "monitoring": 3.850471019744873, 
  "fabric": 3.4921491146087646, 
  "epc-service": 3.82014799118042, 
  "addressmanager": 3.5124351978302, 
  "globalxos": 4.629528999328613, 
  "progran": 3.436400890350342, 
  "vtr": 3.7014548778533936, 
  "templateservice": 2.957106828689575, 
  "vBBU": 3.419930934906006, 
  "hss_db": 3.6262829303741455, 
  "vnaas": 7.060473918914795, 
  "opencloud": 3.281430959701538, 
  "cord-tester": 6.723965883255005, 
  "cord": 6.137773036956787, 
  "vMME": 3.7417969703674316, 
  "xos-tosca": 3.949172019958496, 
  "vspgwu": 3.6541969776153564, 
  "internetemulator": 3.269463062286377, 
  "rcord": 4.087685823440552, 
  "maas": 5.764530897140503, 
  "mcord": 4.497947931289673, 
  "vspgwc": 3.7795839309692383, 
  "ecord": 4.048837900161743, 
  "carrierethernet": 3.9270498752593994, 
  "xos": 21.073596000671387, 
  "cord-onos-publisher": 3.9720399379730225, 
  "metronet-local": 3.1846230030059814, 
  "exampleservice": 3.5450751781463623, 
  "vPGWC": 4.540970087051392, 
  "xos-sample-gui-extension": 3.80082106590271, 
  "vSGW": 3.373918056488037, 
  "vEG": 3.8831000328063965, 
  "vEE": 3.7467880249023438, 
  "vrouter": 3.300856828689575, 
  "xos-gui": 4.88975715637207, 
  "chameleon": 4.259797811508179
}