{
  "vtn-service": 3.4253480434417725, 
  "vMM": 3.1446309089660645, 
  "onos-service": 3.8252251148223877, 
  "hypercache": 3.286953926086426, 
  "platform-install": 5.183883905410767, 
  "xos-rest-gw": 3.2202260494232178, 
  "vHSS": 3.3474490642547607, 
  "fabric-oftest": 4.770384073257446, 
  "vsg": 3.9016358852386475, 
  "venb": 3.1734189987182617, 
  "openstack": 3.7830770015716553, 
  "vSM": 3.1341800689697266, 
  "sdn-controller": 3.0546510219573975, 
  "olt-service": 4.062211990356445, 
  "monitoring": 3.7540841102600098, 
  "xos": 9.787661075592041, 
  "epc-service": 3.3554439544677734, 
  "addressmanager": 3.0815789699554443, 
  "globalxos": 3.1332271099090576, 
  "progran": 3.303054094314575, 
  "vtr": 3.409794807434082, 
  "templateservice": 2.9923899173736572, 
  "vBBU": 3.6760079860687256, 
  "hss_db": 3.0587759017944336, 
  "vnaas": 4.143767833709717, 
  "opencloud": 2.8463501930236816, 
  "cord-tester": 5.417083024978638, 
  "cord": 5.354934930801392, 
  "vMME": 3.405380964279175, 
  "xos-tosca": 3.491786003112793, 
  "vspgwu": 3.242069959640503, 
  "internetemulator": 3.171489953994751, 
  "rcord": 4.0120649337768555, 
  "maas": 4.858190059661865, 
  "mcord": 3.859398126602173, 
  "vspgwc": 3.790372133255005, 
  "ecord": 4.317867994308472, 
  "carrierethernet": 3.9490110874176025, 
  "fabric": 3.6966419219970703, 
  "cord-onos-publisher": 3.7176380157470703, 
  "metronet-local": 3.1815261840820312, 
  "exampleservice": 3.22194504737854, 
  "vPGWC": 3.3014369010925293, 
  "xos-sample-gui-extension": 3.532801866531372, 
  "vSGW": 3.2687478065490723, 
  "vEG": 3.4836618900299072, 
  "vEE": 3.3309810161590576, 
  "vrouter": 3.3881278038024902, 
  "xos-gui": 4.865848064422607, 
  "chameleon": 4.149091958999634
}